<?xml version="1.0" encoding="utf-8"?>
<?xml-stylesheet type='text/xsl' href='ConversionLogFile.xsl'?>
<LogFile projectName="maupTIA_DEMO19-20_V15.1_V17" typeText="Type" messageText="Message" timeText="Time">
  <MessageCell ServiceId="80" MessageId="30" MessageClass="Information" Timestamp="11/1/2023 7:01:16 AM">
    <Number ServiceNumber="80" MessageNumber="30" />
    <Text FeedbackText="Upgrade started" />
    <Help HelpId="-1" />
  </MessageCell>
  <Details ServiceId="80" MessageId="30" Timestamp="11/1/2023 7:01:17 AM" Debug="false">
    <Text>Reorganization succeed!</Text>
  </Details>
  <MessageCell ServiceId="80" MessageId="30" MessageClass="Information" Timestamp="11/1/2023 7:01:18 AM">
    <Number ServiceNumber="80" MessageNumber="30" />
    <Text FeedbackText="CheckRepair lost+found objects" />
    <Help HelpId="-1" />
  </MessageCell>
  <Details ServiceId="80" MessageId="30" Timestamp="11/1/2023 7:01:18 AM" Debug="false">
    <Text>No error is detected.</Text>
  </Details>
  <MessageCell ServiceId="80" MessageId="30" MessageClass="Information" Timestamp="11/1/2023 7:01:18 AM">
    <Number ServiceNumber="80" MessageNumber="30" />
    <Text FeedbackText="CheckRepair missing bidirectional links" />
    <Help HelpId="-1" />
  </MessageCell>
  <Details ServiceId="80" MessageId="30" Timestamp="11/1/2023 7:01:19 AM" Debug="false">
    <Text>No error is detected.</Text>
  </Details>
  <MessageCell ServiceId="80" MessageId="30" MessageClass="Information" Timestamp="11/1/2023 7:01:19 AM">
    <Number ServiceNumber="80" MessageNumber="30" />
    <Text FeedbackText="CheckRepair clear segment flags" />
    <Help HelpId="-1" />
  </MessageCell>
  <Details ServiceId="80" MessageId="30" Timestamp="11/1/2023 7:01:19 AM" Debug="false">
    <Text>No error is detected.</Text>
  </Details>
  <Details ServiceId="80" MessageId="30" Timestamp="11/1/2023 7:01:45 AM" Debug="false">
    <Text>HmiConvert: Started conversion section.</Text>
  </Details>
  <Details ServiceId="80" MessageId="30" Timestamp="11/1/2023 7:01:45 AM" Debug="false">
    <Text>HmiConvert: Starting conversion step &lt;Siemens.Simatic.Hmi.Device.DeviceManagers.Scan:Siemens.Simatic.Hmi.Utah.Device.Upgrade.DeviceConverter.ConvertHmiDeviceToV16&gt;.</Text>
  </Details>
  <Details ServiceId="80" MessageId="30" Timestamp="11/1/2023 7:01:46 AM" Debug="false">
    <Text>HmiConvert: Finished conversion step &lt;Siemens.Simatic.Hmi.Device.DeviceManagers.Scan:Siemens.Simatic.Hmi.Utah.Device.Upgrade.DeviceConverter.ConvertHmiDeviceToV16&gt;.</Text>
  </Details>
  <Details ServiceId="80" MessageId="30" Timestamp="11/1/2023 7:01:46 AM" Debug="false">
    <Text>HmiConvert: Starting conversion step &lt;Siemens.Simatic.Hmi.Globalization.Managers.Scan:Siemens.Simatic.Hmi.Utah.Globalization.HmiTextDataCategoryNameConvert.RepairTextCategoryName&gt;.</Text>
  </Details>
  <Details ServiceId="80" MessageId="30" Timestamp="11/1/2023 7:01:46 AM" Debug="false">
    <Text>HmiConvert: Finished conversion step &lt;Siemens.Simatic.Hmi.Globalization.Managers.Scan:Siemens.Simatic.Hmi.Utah.Globalization.HmiTextDataCategoryNameConvert.RepairTextCategoryName&gt;.</Text>
  </Details>
  <Details ServiceId="80" MessageId="30" Timestamp="11/1/2023 7:01:46 AM" Debug="false">
    <Text>HmiConvert: Starting conversion step &lt;Siemens.Simatic.Hmi.Alarm.Managers.Scan:Siemens.Simatic.Hmi.Utah.Alarm.MissingHmiControllerAlarmConverter.RepairHmiControllerAlarm&gt;.</Text>
  </Details>
  <Details ServiceId="80" MessageId="30" Timestamp="11/1/2023 7:01:46 AM" Debug="false">
    <Text>HmiConvert: Finished conversion step &lt;Siemens.Simatic.Hmi.Alarm.Managers.Scan:Siemens.Simatic.Hmi.Utah.Alarm.MissingHmiControllerAlarmConverter.RepairHmiControllerAlarm&gt;.</Text>
  </Details>
  <Details ServiceId="80" MessageId="30" Timestamp="11/1/2023 7:01:46 AM" Debug="false">
    <Text>HmiConvert: Starting conversion step &lt;Siemens.Simatic.Hmi.BL.ModernUI:Siemens.Simatic.Hmi.BL.ModernUI.Convert.ScreenItemPhaseConverter.AdaptModel&gt;.</Text>
  </Details>
  <Details ServiceId="80" MessageId="30" Timestamp="11/1/2023 7:01:46 AM" Debug="false">
    <Text>HmiConvert: Finished conversion step &lt;Siemens.Simatic.Hmi.BL.ModernUI:Siemens.Simatic.Hmi.BL.ModernUI.Convert.ScreenItemPhaseConverter.AdaptModel&gt;.</Text>
  </Details>
  <Details ServiceId="80" MessageId="30" Timestamp="11/1/2023 7:01:46 AM" Debug="false">
    <Text>HmiConvert: Starting conversion step &lt;Siemens.Simatic.Hmi.Styles.Managers.Scan:Siemens.Simatic.Hmi.Utah.Styles.HmiStyleConverter.ConvertHmiStyleFromV151ToV16&gt;.</Text>
  </Details>
  <Details ServiceId="80" MessageId="30" Timestamp="11/1/2023 7:01:47 AM" Debug="false">
    <Text>HmiConvert: Finished conversion step &lt;Siemens.Simatic.Hmi.Styles.Managers.Scan:Siemens.Simatic.Hmi.Utah.Styles.HmiStyleConverter.ConvertHmiStyleFromV151ToV16&gt;.</Text>
  </Details>
  <Details ServiceId="80" MessageId="30" Timestamp="11/1/2023 7:01:47 AM" Debug="false">
    <Text>HmiConvert: Starting conversion step &lt;Siemens.Simatic.Hmi.Communication.Managers.Scan:Siemens.Simatic.Hmi.Utah.Communication.HmiConnectionAutoRepairer.HmiConnectionAutoRepairs&gt;.</Text>
  </Details>
  <Details ServiceId="80" MessageId="30" Timestamp="11/1/2023 7:01:47 AM" Debug="false">
    <Text>HmiConvert: Finished conversion step &lt;Siemens.Simatic.Hmi.Communication.Managers.Scan:Siemens.Simatic.Hmi.Utah.Communication.HmiConnectionAutoRepairer.HmiConnectionAutoRepairs&gt;.</Text>
  </Details>
  <Details ServiceId="80" MessageId="30" Timestamp="11/1/2023 7:01:47 AM" Debug="false">
    <Text>HmiConvert: Starting conversion step &lt;Siemens.Simatic.Hmi.BL.Scripting.Scan:Siemens.Simatic.Hmi.BL.Scripting.Migrations.ModuleConverter.ModuleRepair&gt;.</Text>
  </Details>
  <Details ServiceId="80" MessageId="30" Timestamp="11/1/2023 7:01:47 AM" Debug="false">
    <Text>HmiConvert: Finished conversion step &lt;Siemens.Simatic.Hmi.BL.Scripting.Scan:Siemens.Simatic.Hmi.BL.Scripting.Migrations.ModuleConverter.ModuleRepair&gt;.</Text>
  </Details>
  <Details ServiceId="80" MessageId="30" Timestamp="11/1/2023 7:01:47 AM" Debug="false">
    <Text>HmiConvert: Starting conversion step &lt;Siemens.Simatic.Hmi.GraphX.GraphXManagers.Scan:Siemens.Simatic.Hmi.Utah.GraphX.ChainedListConverter.ConvertFixScreenChainedList&gt;.</Text>
  </Details>
  <Details ServiceId="80" MessageId="30" Timestamp="11/1/2023 7:01:47 AM" Debug="false">
    <Text>HmiConvert: Finished conversion step &lt;Siemens.Simatic.Hmi.GraphX.GraphXManagers.Scan:Siemens.Simatic.Hmi.Utah.GraphX.ChainedListConverter.ConvertFixScreenChainedList&gt;.</Text>
  </Details>
  <Details ServiceId="80" MessageId="30" Timestamp="11/1/2023 7:01:47 AM" Debug="false">
    <Text>HmiConvert: Starting conversion step &lt;Siemens.Simatic.Hmi.GraphX.GraphXManagers.Scan:Siemens.Simatic.Hmi.Utah.GraphX.PhaseConverter.RemoveHmiTextsInSoftKeysConverter&gt;.</Text>
  </Details>
  <Details ServiceId="80" MessageId="30" Timestamp="11/1/2023 7:01:47 AM" Debug="false">
    <Text>HmiConvert: Finished conversion step &lt;Siemens.Simatic.Hmi.GraphX.GraphXManagers.Scan:Siemens.Simatic.Hmi.Utah.GraphX.PhaseConverter.RemoveHmiTextsInSoftKeysConverter&gt;.</Text>
  </Details>
  <Details ServiceId="80" MessageId="30" Timestamp="11/1/2023 7:01:47 AM" Debug="false">
    <Text>HmiConvert: Starting conversion step &lt;Siemens.Simatic.Hmi.GraphX.GraphXManagers.Scan:Siemens.Simatic.Hmi.Utah.GraphX.PhaseConverter.RepairPointsCollectionOfScreenItems&gt;.</Text>
  </Details>
  <Details ServiceId="80" MessageId="30" Timestamp="11/1/2023 7:01:47 AM" Debug="false">
    <Text>HmiConvert: Finished conversion step &lt;Siemens.Simatic.Hmi.GraphX.GraphXManagers.Scan:Siemens.Simatic.Hmi.Utah.GraphX.PhaseConverter.RepairPointsCollectionOfScreenItems&gt;.</Text>
  </Details>
  <Details ServiceId="80" MessageId="30" Timestamp="11/1/2023 7:01:47 AM" Debug="false">
    <Text>HmiConvert: Starting conversion step &lt;Siemens.Simatic.Hmi.GraphX.GraphXManagers.Scan:Siemens.Simatic.Hmi.Utah.GraphX.OrphanedScreenUdtVersionInstance.Repair&gt;.</Text>
  </Details>
  <Details ServiceId="80" MessageId="30" Timestamp="11/1/2023 7:01:47 AM" Debug="false">
    <Text>HmiConvert: Finished conversion step &lt;Siemens.Simatic.Hmi.GraphX.GraphXManagers.Scan:Siemens.Simatic.Hmi.Utah.GraphX.OrphanedScreenUdtVersionInstance.Repair&gt;.</Text>
  </Details>
  <Details ServiceId="80" MessageId="30" Timestamp="11/1/2023 7:01:47 AM" Debug="false">
    <Text>HmiConvert: Starting conversion step &lt;Siemens.Simatic.Hmi.ScreenModules.Managers.Scan:Siemens.Simatic.Hmi.Utah.Modules.ScreenModules.PhaseConverter.BlockUpgradeForC0013Error&gt;.</Text>
  </Details>
  <Details ServiceId="80" MessageId="30" Timestamp="11/1/2023 7:01:47 AM" Debug="false">
    <Text>HmiConvert: Finished conversion step &lt;Siemens.Simatic.Hmi.ScreenModules.Managers.Scan:Siemens.Simatic.Hmi.Utah.Modules.ScreenModules.PhaseConverter.BlockUpgradeForC0013Error&gt;.</Text>
  </Details>
  <Details ServiceId="80" MessageId="30" Timestamp="11/1/2023 7:01:47 AM" Debug="false">
    <Text>HmiConvert: Starting conversion step &lt;Siemens.Simatic.Hmi.Tag.Managers.Scan:Siemens.Simatic.Hmi.BL.Tag.CheckRepair.Impl.CheckRepairErroneouslyCreatedSystemTagCopies.RemoveErroneouslyCreatedSystemTagCopies&gt;.</Text>
  </Details>
  <Details ServiceId="80" MessageId="30" Timestamp="11/1/2023 7:01:47 AM" Debug="false">
    <Text>HmiConvert: Finished conversion step &lt;Siemens.Simatic.Hmi.Tag.Managers.Scan:Siemens.Simatic.Hmi.BL.Tag.CheckRepair.Impl.CheckRepairErroneouslyCreatedSystemTagCopies.RemoveErroneouslyCreatedSystemTagCopies&gt;.</Text>
  </Details>
  <Details ServiceId="80" MessageId="30" Timestamp="11/1/2023 7:01:47 AM" Debug="false">
    <Text>HmiConvert: Starting conversion step &lt;Siemens.Simatic.Hmi.ScreenModules.Managers.Scan:Siemens.Simatic.Hmi.Utah.Modules.ScreenModules.PhaseConverter.MoveFontListsToDeviceLevel&gt;.</Text>
  </Details>
  <Details ServiceId="80" MessageId="30" Timestamp="11/1/2023 7:01:47 AM" Debug="false">
    <Text>HmiConvert: Finished conversion step &lt;Siemens.Simatic.Hmi.ScreenModules.Managers.Scan:Siemens.Simatic.Hmi.Utah.Modules.ScreenModules.PhaseConverter.MoveFontListsToDeviceLevel&gt;.</Text>
  </Details>
  <Details ServiceId="80" MessageId="30" Timestamp="11/1/2023 7:01:47 AM" Debug="false">
    <Text>HmiConvert: Starting conversion step &lt;Siemens.Simatic.Hmi.ScreenModules.Managers.Scan:Siemens.Simatic.Hmi.Utah.Modules.ScreenModules.PhaseConverter.RepairScreenModuleTagNames&gt;.</Text>
  </Details>
  <Details ServiceId="80" MessageId="30" Timestamp="11/1/2023 7:01:47 AM" Debug="false">
    <Text>HmiConvert: Finished conversion step &lt;Siemens.Simatic.Hmi.ScreenModules.Managers.Scan:Siemens.Simatic.Hmi.Utah.Modules.ScreenModules.PhaseConverter.RepairScreenModuleTagNames&gt;.</Text>
  </Details>
  <Details ServiceId="80" MessageId="30" Timestamp="11/1/2023 7:01:47 AM" Debug="false">
    <Text>HmiConvert: Starting conversion step &lt;Siemens.Simatic.Hmi.RuntimeIT.Managers.Scan:Siemens.Simatic.Hmi.Utah.RTSecurity.Upgrade.HmiRtSecurityRepair.RepairRtUserPasswordHash&gt;.</Text>
  </Details>
  <Details ServiceId="80" MessageId="30" Timestamp="11/1/2023 7:01:47 AM" Debug="false">
    <Text>HmiConvert: Finished conversion step &lt;Siemens.Simatic.Hmi.RuntimeIT.Managers.Scan:Siemens.Simatic.Hmi.Utah.RTSecurity.Upgrade.HmiRtSecurityRepair.RepairRtUserPasswordHash&gt;.</Text>
  </Details>
  <Details ServiceId="80" MessageId="30" Timestamp="11/1/2023 7:01:47 AM" Debug="false">
    <Text>HmiConvert: Starting conversion step &lt;Siemens.Simatic.Hmi.Globalization.Managers.Scan:Siemens.Simatic.Hmi.Utah.Globalization.TextRepairForConvert.TextsRepairInHmiBusinessLogicLevel&gt;.</Text>
  </Details>
  <Details ServiceId="80" MessageId="30" Timestamp="11/1/2023 7:01:47 AM" Debug="false">
    <Text>HmiConvert: Finished conversion step &lt;Siemens.Simatic.Hmi.Globalization.Managers.Scan:Siemens.Simatic.Hmi.Utah.Globalization.TextRepairForConvert.TextsRepairInHmiBusinessLogicLevel&gt;.</Text>
  </Details>
  <Details ServiceId="80" MessageId="30" Timestamp="11/1/2023 7:01:47 AM" Debug="false">
    <Text>HmiConvert is waiting for external dependency: Siemens.Simatic.Lang.SPLConvert</Text>
  </Details>
  <MessageCell ServiceId="80" MessageId="30" MessageClass="Warning" Timestamp="11/1/2023 7:01:53 AM">
    <Number ServiceNumber="80" MessageNumber="30" />
    <Text FeedbackText="Project element: '\PLC_1\ProgramBlocksFolder\Main' - Checksum inconsistency for 'General; Event'." />
    <Help HelpId="-1" />
  </MessageCell>
  <MessageCell ServiceId="80" MessageId="30" MessageClass="Warning" Timestamp="11/1/2023 7:01:53 AM">
    <Number ServiceNumber="80" MessageNumber="30" />
    <Text FeedbackText="Project element: '\PLC_1\ProgramBlocksFolder\FCs\Eng_1DO' - Checksum inconsistency for 'General'." />
    <Help HelpId="-1" />
  </MessageCell>
  <MessageCell ServiceId="80" MessageId="30" MessageClass="Warning" Timestamp="11/1/2023 7:01:53 AM">
    <Number ServiceNumber="80" MessageNumber="30" />
    <Text FeedbackText="Project element: '\PLC_1\ProgramBlocksFolder\FCs\Val_2DO' - Checksum inconsistency for 'General'." />
    <Help HelpId="-1" />
  </MessageCell>
  <MessageCell ServiceId="80" MessageId="30" MessageClass="Warning" Timestamp="11/1/2023 7:01:55 AM">
    <Number ServiceNumber="80" MessageNumber="30" />
    <Text FeedbackText="Project element: '\PLC_1\ProgramBlocksFolder\TankFC' - Checksum inconsistency for 'Code; General'." />
    <Help HelpId="-1" />
  </MessageCell>
  <MessageCell ServiceId="80" MessageId="30" MessageClass="Warning" Timestamp="11/1/2023 7:01:55 AM">
    <Number ServiceNumber="80" MessageNumber="30" />
    <Text FeedbackText="Project element: '\PLC_1\ProgramBlocksFolder\FCs\FillingFC' - Checksum inconsistency for 'General'." />
    <Help HelpId="-1" />
  </MessageCell>
  <MessageCell ServiceId="80" MessageId="30" MessageClass="Warning" Timestamp="11/1/2023 7:01:55 AM">
    <Number ServiceNumber="80" MessageNumber="30" />
    <Text FeedbackText="Project element: '\PLC_1\ProgramBlocksFolder\FCs\DrainingFC' - Checksum inconsistency for 'General'." />
    <Help HelpId="-1" />
  </MessageCell>
  <MessageCell ServiceId="80" MessageId="30" MessageClass="Warning" Timestamp="11/1/2023 7:01:55 AM">
    <Number ServiceNumber="80" MessageNumber="30" />
    <Text FeedbackText="Project element: '\PLC_1\ProgramBlocksFolder\FCs\MixingFC' - Checksum inconsistency for 'General'." />
    <Help HelpId="-1" />
  </MessageCell>
  <MessageCell ServiceId="80" MessageId="30" MessageClass="Warning" Timestamp="11/1/2023 7:01:55 AM">
    <Number ServiceNumber="80" MessageNumber="30" />
    <Text FeedbackText="Project element: '\PLC_1\ProgramBlocksFolder\FCs\Real2AnalogValue' - Checksum inconsistency for 'General'." />
    <Help HelpId="-1" />
  </MessageCell>
  <MessageCell ServiceId="80" MessageId="30" MessageClass="Warning" Timestamp="11/1/2023 7:01:55 AM">
    <Number ServiceNumber="80" MessageNumber="30" />
    <Text FeedbackText="Project element: '\PLC_1\ProgramBlocksFolder\FCs\HeatingFC' - Checksum inconsistency for 'General'." />
    <Help HelpId="-1" />
  </MessageCell>
  <MessageCell ServiceId="80" MessageId="30" MessageClass="Warning" Timestamp="11/1/2023 7:01:55 AM">
    <Number ServiceNumber="80" MessageNumber="30" />
    <Text FeedbackText="Project element: '\PLC_1\ProgramBlocksFolder\FCs\AnalogScalingFC' - Checksum inconsistency for 'General'." />
    <Help HelpId="-1" />
  </MessageCell>
  <MessageCell ServiceId="80" MessageId="30" MessageClass="Warning" Timestamp="11/1/2023 7:01:55 AM">
    <Number ServiceNumber="80" MessageNumber="30" />
    <Text FeedbackText="Project element: '\PLC_1\ProgramBlocksFolder\FCs\HeaterFC' - Checksum inconsistency for 'General'." />
    <Help HelpId="-1" />
  </MessageCell>
  <MessageCell ServiceId="80" MessageId="30" MessageClass="Warning" Timestamp="11/1/2023 7:01:55 AM">
    <Number ServiceNumber="80" MessageNumber="30" />
    <Text FeedbackText="Project element: '\PLC_1\ProgramBlocksFolder\Cyclic interrupt10ms' - Checksum inconsistency for 'General; Event'." />
    <Help HelpId="-1" />
  </MessageCell>
  <MessageCell ServiceId="80" MessageId="30" MessageClass="Warning" Timestamp="11/1/2023 7:01:55 AM">
    <Number ServiceNumber="80" MessageNumber="30" />
    <Text FeedbackText="Project element: '\PLC_1\ProgramBlocksFolder\Startup' - Checksum inconsistency for 'General; Event'." />
    <Help HelpId="-1" />
  </MessageCell>
  <MessageCell ServiceId="80" MessageId="30" MessageClass="Warning" Timestamp="11/1/2023 7:01:55 AM">
    <Number ServiceNumber="80" MessageNumber="30" />
    <Text FeedbackText="Project element: '\PLC_1\ProgramBlocksFolder\DBs\Data' - Checksum inconsistency for 'General'." />
    <Help HelpId="-1" />
  </MessageCell>
  <MessageCell ServiceId="80" MessageId="30" MessageClass="Warning" Timestamp="11/1/2023 7:01:55 AM">
    <Number ServiceNumber="80" MessageNumber="30" />
    <Text FeedbackText="Project element: '\PLC_1\ProgramBlocksFolder\TankFC_DB' - Checksum inconsistency for 'General'." />
    <Help HelpId="-1" />
  </MessageCell>
  <MessageCell ServiceId="80" MessageId="30" MessageClass="Warning" Timestamp="11/1/2023 7:01:55 AM">
    <Number ServiceNumber="80" MessageNumber="30" />
    <Text FeedbackText="Project element: '\PLC_1\TechnologicalParamFolder\HeatingPID' - Checksum inconsistency for 'General'." />
    <Help HelpId="-1" />
  </MessageCell>
  <MessageCell ServiceId="80" MessageId="30" MessageClass="Warning" Timestamp="11/1/2023 7:01:55 AM">
    <Number ServiceNumber="80" MessageNumber="30" />
    <Text FeedbackText="Project element: '\PLC_1\ControllerDataTypeFolder\MAUP\Valve' - Checksum inconsistency for 'General'." />
    <Help HelpId="-1" />
  </MessageCell>
  <MessageCell ServiceId="80" MessageId="30" MessageClass="Warning" Timestamp="11/1/2023 7:01:55 AM">
    <Number ServiceNumber="80" MessageNumber="30" />
    <Text FeedbackText="Project element: '\PLC_1\ControllerDataTypeFolder\MAUP\Engine' - Checksum inconsistency for 'General'." />
    <Help HelpId="-1" />
  </MessageCell>
  <MessageCell ServiceId="80" MessageId="30" MessageClass="Warning" Timestamp="11/1/2023 7:01:55 AM">
    <Number ServiceNumber="80" MessageNumber="30" />
    <Text FeedbackText="Project element: '\PLC_1\ControllerDataTypeFolder\MAUP\Tank' - Checksum inconsistency for 'General'." />
    <Help HelpId="-1" />
  </MessageCell>
  <MessageCell ServiceId="80" MessageId="30" MessageClass="Warning" Timestamp="11/1/2023 7:01:55 AM">
    <Number ServiceNumber="80" MessageNumber="30" />
    <Text FeedbackText="Project element: '\PLC_1\ControllerDataTypeFolder\MAUP\PhaseMixing' - Checksum inconsistency for 'General'." />
    <Help HelpId="-1" />
  </MessageCell>
  <MessageCell ServiceId="80" MessageId="30" MessageClass="Warning" Timestamp="11/1/2023 7:01:55 AM">
    <Number ServiceNumber="80" MessageNumber="30" />
    <Text FeedbackText="Project element: '\PLC_1\ControllerDataTypeFolder\MAUP\PhaseFilling' - Checksum inconsistency for 'General'." />
    <Help HelpId="-1" />
  </MessageCell>
  <MessageCell ServiceId="80" MessageId="30" MessageClass="Warning" Timestamp="11/1/2023 7:01:55 AM">
    <Number ServiceNumber="80" MessageNumber="30" />
    <Text FeedbackText="Project element: '\PLC_1\ControllerDataTypeFolder\MAUP\PhaseDraining' - Checksum inconsistency for 'General'." />
    <Help HelpId="-1" />
  </MessageCell>
  <MessageCell ServiceId="80" MessageId="30" MessageClass="Warning" Timestamp="11/1/2023 7:01:55 AM">
    <Number ServiceNumber="80" MessageNumber="30" />
    <Text FeedbackText="Project element: '\PLC_1\ControllerDataTypeFolder\MAUP\PhaseHeating' - Checksum inconsistency for 'General'." />
    <Help HelpId="-1" />
  </MessageCell>
  <MessageCell ServiceId="80" MessageId="30" MessageClass="Warning" Timestamp="11/1/2023 7:01:55 AM">
    <Number ServiceNumber="80" MessageNumber="30" />
    <Text FeedbackText="Project element: '\PLC_1\ControllerDataTypeFolder\MAUP\Heater' - Checksum inconsistency for 'General'." />
    <Help HelpId="-1" />
  </MessageCell>
  <MessageCell ServiceId="80" MessageId="30" MessageClass="Warning" Timestamp="11/1/2023 7:01:55 AM">
    <Number ServiceNumber="80" MessageNumber="30" />
    <Text FeedbackText="Project element: '\PLC_1\ControllerDataTypeFolder\MAUP\AI' - Checksum inconsistency for 'General'." />
    <Help HelpId="-1" />
  </MessageCell>
  <Details ServiceId="80" MessageId="30" Timestamp="11/1/2023 7:01:56 AM" Debug="false">
    <Text>HmiConvert: Started conversion section.</Text>
  </Details>
  <Details ServiceId="80" MessageId="30" Timestamp="11/1/2023 7:01:56 AM" Debug="false">
    <Text>HmiConvert: Starting conversion step &lt;Siemens.Simatic.Hmi.Tag.Managers.Scan:Siemens.Simatic.Hmi.Utah.Tag.RootTagConvertSynchronization.ResynchronizeRootTag&gt;.</Text>
  </Details>
  <Details ServiceId="80" MessageId="30" Timestamp="11/1/2023 7:01:58 AM" Debug="false">
    <Text>HmiConvert: Finished conversion step &lt;Siemens.Simatic.Hmi.Tag.Managers.Scan:Siemens.Simatic.Hmi.Utah.Tag.RootTagConvertSynchronization.ResynchronizeRootTag&gt;.</Text>
  </Details>
  <Details ServiceId="80" MessageId="30" Timestamp="11/1/2023 7:01:58 AM" Debug="false">
    <Text>HmiConvert: Starting conversion step &lt;Siemens.Simatic.Hmi.Alarm.Managers.Scan:Siemens.Simatic.Hmi.Utah.Alarm.AlarmDataConverterWithHmiBl.ConvertExistingUserDefinedCommonAndSystemAlarmClasses&gt;.</Text>
  </Details>
  <Details ServiceId="80" MessageId="30" Timestamp="11/1/2023 7:01:58 AM" Debug="false">
    <Text>HmiConvert: Finished conversion step &lt;Siemens.Simatic.Hmi.Alarm.Managers.Scan:Siemens.Simatic.Hmi.Utah.Alarm.AlarmDataConverterWithHmiBl.ConvertExistingUserDefinedCommonAndSystemAlarmClasses&gt;.</Text>
  </Details>
  <Details ServiceId="80" MessageId="30" Timestamp="11/1/2023 7:01:58 AM" Debug="false">
    <Text>HmiConvert: Starting conversion step &lt;Siemens.Simatic.Hmi.Alarm.Managers.Scan:Siemens.Simatic.Hmi.Utah.Alarm.AlarmDataConverterWithHmiBl.ConvertTagBitCombinationForILDevices&gt;.</Text>
  </Details>
  <Details ServiceId="80" MessageId="30" Timestamp="11/1/2023 7:01:58 AM" Debug="false">
    <Text>HmiConvert: Finished conversion step &lt;Siemens.Simatic.Hmi.Alarm.Managers.Scan:Siemens.Simatic.Hmi.Utah.Alarm.AlarmDataConverterWithHmiBl.ConvertTagBitCombinationForILDevices&gt;.</Text>
  </Details>
  <Details ServiceId="80" MessageId="30" Timestamp="11/1/2023 7:01:58 AM" Debug="false">
    <Text>HmiConvert: Starting conversion step &lt;Siemens.Simatic.Hmi.Alarm.Managers.Scan:Siemens.Simatic.Hmi.Utah.Alarm.AlarmPartnerIdConverter.RepairPartnerId&gt;.</Text>
  </Details>
  <Details ServiceId="80" MessageId="30" Timestamp="11/1/2023 7:01:58 AM" Debug="false">
    <Text>HmiConvert: Finished conversion step &lt;Siemens.Simatic.Hmi.Alarm.Managers.Scan:Siemens.Simatic.Hmi.Utah.Alarm.AlarmPartnerIdConverter.RepairPartnerId&gt;.</Text>
  </Details>
  <Details ServiceId="80" MessageId="30" Timestamp="11/1/2023 7:01:58 AM" Debug="false">
    <Text>HmiConvert: Starting conversion step &lt;Siemens.Simatic.Hmi.BL.Logging.Scan:Siemens.Simatic.Hmi.BL.Logging.Convert.LogConverter.Convert&gt;.</Text>
  </Details>
  <Details ServiceId="80" MessageId="30" Timestamp="11/1/2023 7:01:58 AM" Debug="false">
    <Text>HmiConvert: Finished conversion step &lt;Siemens.Simatic.Hmi.BL.Logging.Scan:Siemens.Simatic.Hmi.BL.Logging.Convert.LogConverter.Convert&gt;.</Text>
  </Details>
  <Details ServiceId="80" MessageId="30" Timestamp="11/1/2023 7:01:58 AM" Debug="false">
    <Text>HmiConvert: Starting conversion step &lt;Siemens.Simatic.Hmi.BL.Scripting.Scan:Siemens.Simatic.Hmi.BL.Scripting.Migrations.ScriptReferenceBLConverter.ResolveScriptReferencesDuringConvert&gt;.</Text>
  </Details>
  <Details ServiceId="80" MessageId="30" Timestamp="11/1/2023 7:01:58 AM" Debug="false">
    <Text>HmiConvert: Finished conversion step &lt;Siemens.Simatic.Hmi.BL.Scripting.Scan:Siemens.Simatic.Hmi.BL.Scripting.Migrations.ScriptReferenceBLConverter.ResolveScriptReferencesDuringConvert&gt;.</Text>
  </Details>
  <Details ServiceId="80" MessageId="30" Timestamp="11/1/2023 7:01:58 AM" Debug="false">
    <Text>HmiConvert: Starting conversion step &lt;Siemens.Simatic.Hmi.Communication.Managers.Scan:Siemens.Simatic.Hmi.Utah.Communication.ConnectionPropertiesRelatedToAlarmConverter.ConvertAlarmPropertiesForConnectionInUpgrade&gt;.</Text>
  </Details>
  <Details ServiceId="80" MessageId="30" Timestamp="11/1/2023 7:01:58 AM" Debug="false">
    <Text>HmiConvert: Finished conversion step &lt;Siemens.Simatic.Hmi.Communication.Managers.Scan:Siemens.Simatic.Hmi.Utah.Communication.ConnectionPropertiesRelatedToAlarmConverter.ConvertAlarmPropertiesForConnectionInUpgrade&gt;.</Text>
  </Details>
  <Details ServiceId="80" MessageId="30" Timestamp="11/1/2023 7:01:58 AM" Debug="false">
    <Text>HmiConvert: Starting conversion step &lt;Siemens.Simatic.Hmi.Communication.Managers.Scan:Siemens.Simatic.Hmi.Utah.Communication.ConvertV16.ConnectionPasswordConverter.AddPasswordToProtocolValues&gt;.</Text>
  </Details>
  <Details ServiceId="80" MessageId="30" Timestamp="11/1/2023 7:01:58 AM" Debug="false">
    <Text>HmiConvert: Finished conversion step &lt;Siemens.Simatic.Hmi.Communication.Managers.Scan:Siemens.Simatic.Hmi.Utah.Communication.ConvertV16.ConnectionPasswordConverter.AddPasswordToProtocolValues&gt;.</Text>
  </Details>
  <Details ServiceId="80" MessageId="30" Timestamp="11/1/2023 7:01:58 AM" Debug="false">
    <Text>HmiConvert: Starting conversion step &lt;Siemens.Simatic.Hmi.GraphX.GraphXManagers.Scan:Siemens.Simatic.Hmi.Utah.GraphX.PhaseConverter.RepairFontOfGroups&gt;.</Text>
  </Details>
  <Details ServiceId="80" MessageId="30" Timestamp="11/1/2023 7:01:58 AM" Debug="false">
    <Text>HmiConvert: Finished conversion step &lt;Siemens.Simatic.Hmi.GraphX.GraphXManagers.Scan:Siemens.Simatic.Hmi.Utah.GraphX.PhaseConverter.RepairFontOfGroups&gt;.</Text>
  </Details>
  <Details ServiceId="80" MessageId="30" Timestamp="11/1/2023 7:01:58 AM" Debug="false">
    <Text>HmiConvert: Starting conversion step &lt;Siemens.Simatic.Hmi.Styles.Managers.Scan:Siemens.Simatic.Hmi.Utah.Styles.HmiStyleConverter.RepairStylesAfterConvert&gt;.</Text>
  </Details>
  <Details ServiceId="80" MessageId="30" Timestamp="11/1/2023 7:01:58 AM" Debug="false">
    <Text>HmiConvert: Finished conversion step &lt;Siemens.Simatic.Hmi.Styles.Managers.Scan:Siemens.Simatic.Hmi.Utah.Styles.HmiStyleConverter.RepairStylesAfterConvert&gt;.</Text>
  </Details>
  <Details ServiceId="80" MessageId="30" Timestamp="11/1/2023 7:01:58 AM" Debug="false">
    <Text>HmiConvert: Finished conversion section.</Text>
  </Details>
  <MessageCell ServiceId="80" MessageId="30" MessageClass="Information" Timestamp="11/1/2023 7:02:00 AM">
    <Number ServiceNumber="80" MessageNumber="30" />
    <Text FeedbackText="The cross-reference information is being converted." />
    <Help HelpId="-1" />
  </MessageCell>
  <MessageCell ServiceId="80" MessageId="30" MessageClass="Information" Timestamp="11/1/2023 7:02:01 AM">
    <Number ServiceNumber="80" MessageNumber="30" />
    <Text FeedbackText="The cross-reference information was created successfully." />
    <Help HelpId="-1" />
  </MessageCell>
  <MessageCell ServiceId="80" MessageId="30" MessageClass="Information" Timestamp="11/1/2023 7:02:01 AM">
    <Number ServiceNumber="80" MessageNumber="30" />
    <Text FeedbackText="Conversion of the cross-reference information is finished." />
    <Help HelpId="-1" />
  </MessageCell>
  <Details ServiceId="80" MessageId="30" Timestamp="11/1/2023 7:02:02 AM" Debug="false">
    <Text>Package container 'Siemens.Simatic.Lang.S7PSW.V15.1.0.0.NonMandatory' was deleted</Text>
  </Details>
  <Details ServiceId="80" MessageId="30" Timestamp="11/1/2023 7:02:02 AM" Debug="false">
    <Text>Product version 'Siemens.Simatic.STEP7.Professional:15.01.00.00' was deleted</Text>
  </Details>
  <Details ServiceId="80" MessageId="30" Timestamp="11/1/2023 7:02:02 AM" Debug="false">
    <Text>Product version 'Siemens.Simatic.STEP7.Basic:15.01.00.00' was deleted</Text>
  </Details>
  <MessageCell ServiceId="Automation-ObjectFrame-Feedbacks" MessageId="ConversionInfoTabProjectSucceeded" MessageClass="Success" Timestamp="11/1/2023 7:02:03 AM">
    <Number ServiceNumber="80" MessageNumber="34" />
    <Text FeedbackText="Project 'D:\_work\MAUP_TIA\maupTIA_DEMO19-20_V15.1\System\PEData.plf' was successfully upgraded and saved as project 'D:\_work\MAUP_TIA\maupTIA_DEMO19-20_V15.1_V17\System\PEData.plf'." />
    <Help HelpId="-1" HelpFile="" />
  </MessageCell>
  <MessageCell ServiceId="80" MessageId="30" MessageClass="Information" Timestamp="11/1/2023 7:02:03 AM">
    <Number ServiceNumber="80" MessageNumber="30" />
    <Text FeedbackText="FinalCheckRemainingErrors" />
    <Help HelpId="-1" />
  </MessageCell>
  <Details ServiceId="80" MessageId="30" Timestamp="11/1/2023 7:02:03 AM" Debug="false">
    <Text>No error is detected.</Text>
  </Details>
</LogFile>